exercicio,periodo,periodo_ref,uf,instituicao,cod_ibge,valor_12m,valor_12m_bilhoes,valor_12m_ano_anterior,crescimento_yoy,crescimento_yoy_pct
2022,1,2022B1,AC,Governo do Estado do Acre,12,1661217349.31,1.66121734931,NA,NA,NA
2022,2,2022B2,AC,Governo do Estado do Acre,12,1691635007.65,1.6916350076500002,NA,NA,NA
2023,1,2023B1,AC,Governo do Estado do Acre,12,1795584660.56,1.7955846605599999,1661217349.31,0.08088484707062005,8.088484707062005
2023,2,2023B2,AC,Governo do Estado do Acre,12,1808727073.02,1.80872707302,1691635007.65,0.06921827985379836,6.921827985379836
2024,1,2024B1,AC,Governo do Estado do Acre,12,1956971064.08,1.95697106408,1795584660.56,0.08987958466389845,8.987958466389845
2024,2,2024B2,AC,Governo do Estado do Acre,12,1990621156.13,1.99062115613,1808727073.02,0.10056469316086192,10.056469316086192
2025,1,2025B1,AC,Governo do Estado do Acre,12,2159912446.25,2.15991244625,1956971064.08,0.10370177970178918,10.370177970178919
2025,2,2025B2,AC,Governo do Estado do Acre,12,2162889048.48,2.16288904848,1990621156.13,0.08653976765971327,8.653976765971327
2026,1,2026B1,AC,Governo do Estado do Acre,12,2208236292.33,2.20823629233,2159912446.25,0.022373057835700205,2.2373057835700205
2026,2,2026B2,AC,Governo do Estado do Acre,12,2325476346.05,2.3254763460500003,2162889048.48,0.07517135365046146,7.517135365046146
2022,1,2022B1,AL,Governo do Estado de Alagoas,27,5933648425.32,5.9336484253199995,NA,NA,NA
2022,2,2022B2,AL,Governo do Estado de Alagoas,27,6104050212.59,6.10405021259,NA,NA,NA
2023,1,2023B1,AL,Governo do Estado de Alagoas,27,6276467268.11,6.276467268109999,5933648425.32,0.05777538846540464,5.777538846540464
2023,2,2023B2,AL,Governo do Estado de Alagoas,27,6339856771.93,6.33985677193,6104050212.59,0.03863116310112158,3.863116310112158
2024,1,2024B1,AL,Governo do Estado de Alagoas,27,7675163431.27,7.675163431270001,6276467268.11,0.22284767902265878,22.284767902265877
2024,2,2024B2,AL,Governo do Estado de Alagoas,27,7997529101.77,7.9975291017700005,6339856771.93,0.2614684194727266,26.14684194727266
2025,1,2025B1,AL,Governo do Estado de Alagoas,27,8716628749.35,8.71662874935,7675163431.27,0.13569291747415857,13.569291747415857
2025,2,2025B2,AL,Governo do Estado de Alagoas,27,8706092281.4,8.7060922814,7997529101.77,0.08859776196040103,8.859776196040103
2026,1,2026B1,AL,Governo do Estado de Alagoas,27,9009990395.92,9.009990395920001,8716628749.35,0.03365540222094188,3.3655402220941877
2026,2,2026B2,AL,Governo do Estado de Alagoas,27,9201962780.7,9.2019627807,8706092281.4,0.05695672447205702,5.695672447205702
2022,1,2022B1,AM,Governo do Estado do Amazonas,13,13333345031.77,13.333345031770001,NA,NA,NA
2022,2,2022B2,AM,Governo do Estado do Amazonas,13,13613321277.6,13.6133212776,NA,NA,NA
2023,1,2023B1,AM,Governo do Estado do Amazonas,13,14156107968.26,14.15610796826,13333345031.77,0.06170716609594695,6.170716609594695
2023,2,2023B2,AM,Governo do Estado do Amazonas,13,14051691820.26,14.05169182026,13613321277.6,0.03220158649905036,3.220158649905036
2024,1,2024B1,AM,Governo do Estado do Amazonas,13,14236834905.44,14.23683490544,14156107968.26,0.005702622314057049,0.5702622314057049
2024,2,2024B2,AM,Governo do Estado do Amazonas,13,14497584272.16,14.49758427216,14051691820.26,0.03173229655215626,3.173229655215626
2025,1,2025B1,AM,Governo do Estado do Amazonas,13,16208642034.12,16.20864203412,14236834905.44,0.13850038591980574,13.850038591980574
2025,2,2025B2,AM,Governo do Estado do Amazonas,13,16488217085.72,16.48821708572,14497584272.16,0.13730789738416282,13.730789738416282
2026,1,2026B1,AM,Governo do Estado do Amazonas,13,16689366067.44,16.68936606744,16208642034.12,0.029658501452993535,2.9658501452993535
2026,2,2026B2,AM,Governo do Estado do Amazonas,13,17383411398.84,17.38341139884,16488217085.72,0.05429297227626284,5.429297227626284
2022,1,2022B1,AP,Governo do Estado do Amapá,16,1300135484.17,1.3001354841700001,NA,NA,NA
2022,2,2022B2,AP,Governo do Estado do Amapá,16,1325792620.84,1.32579262084,NA,NA,NA
2023,1,2023B1,AP,Governo do Estado do Amapá,16,1356481032.39,1.35648103239,1300135484.17,0.04333821275247374,4.333821275247374
2023,2,2023B2,AP,Governo do Estado do Amapá,16,1345650769.07,1.34565076907,1325792620.84,0.014978321585028986,1.4978321585028986
2024,1,2024B1,AP,Governo do Estado do Amapá,16,1394226770.45,1.39422677045,1356481032.39,0.027826218840299788,2.782621884029979
2024,2,2024B2,AP,Governo do Estado do Amapá,16,1442118900.58,1.44211890058,1345650769.07,0.07168883169937956,7.168883169937956
2025,1,2025B1,AP,Governo do Estado do Amapá,16,1523379290.82,1.52337929082,1394226770.45,0.09263379753375034,9.263379753375034
2025,2,2025B2,AP,Governo do Estado do Amapá,16,1533984210.79,1.53398421079,1442118900.58,0.063701620007236,6.3701620007236
2026,1,2026B1,AP,Governo do Estado do Amapá,16,1731493355.46,1.73149335546,1523379290.82,0.13661342640937257,13.661342640937256
2026,2,2026B2,AP,Governo do Estado do Amapá,16,1746960865.2,1.7469608652000002,1533984210.79,0.13883888302886604,13.883888302886604
2022,1,2022B1,BA,Governo do Estado da Bahia,29,31619897956.16,31.61989795616,NA,NA,NA
2022,2,2022B2,BA,Governo do Estado da Bahia,29,32816617084.97,32.81661708497,NA,NA,NA
2023,1,2023B1,BA,Governo do Estado da Bahia,29,32692498079,32.692498079,31619897956.16,0.03392168198414569,3.392168198414569
2023,2,2023B2,BA,Governo do Estado da Bahia,29,32729049945.61,32.72904994561,32816617084.97,-0.0026683780090210885,-0.26683780090210885
2024,1,2024B1,BA,Governo do Estado da Bahia,29,35630579302.73,35.630579302730006,32692498079,0.08987019641724103,8.987019641724103
2024,2,2024B2,BA,Governo do Estado da Bahia,29,36022063477.12,36.02206347712,32729049945.61,0.10061439415389128,10.061439415389128
2025,1,2025B1,BA,Governo do Estado da Bahia,29,40372910402.39,40.37291040239,35630579302.73,0.1330972213324817,13.309722133248169
2025,2,2025B2,BA,Governo do Estado da Bahia,29,40822022913.85,40.82202291385,36022063477.12,0.13325054073536813,13.325054073536812
2026,1,2026B1,BA,Governo do Estado da Bahia,29,41979396714.94,41.97939671494,40372910402.39,0.03979119405904674,3.979119405904674
2026,2,2026B2,BA,Governo do Estado da Bahia,29,42208960242.23,42.208960242230006,40822022913.85,0.033975222915997305,3.3975222915997305
2022,1,2022B1,CE,Governo do Estado do Ceará,23,16494279815.45,16.49427981545,NA,NA,NA
2022,2,2022B2,CE,Governo do Estado do Ceará,23,16942206660.74,16.94220666074,NA,NA,NA
2023,1,2023B1,CE,Governo do Estado do Ceará,23,17026266950.26,17.026266950260002,16494279815.45,0.03225282587431866,3.225282587431866
2023,2,2023B2,CE,Governo do Estado do Ceará,23,16848296575.35,16.848296575350002,16942206660.74,-0.005542966584607623,-0.5542966584607623
2024,1,2024B1,CE,Governo do Estado do Ceará,23,17441858055.31,17.44185805531,17026266950.26,0.024408821162272165,2.4408821162272165
2024,2,2024B2,CE,Governo do Estado do Ceará,23,17875582741.32,17.87558274132,16848296575.35,0.06097270198062499,6.097270198062499
2025,1,2025B1,CE,Governo do Estado do Ceará,23,20436989416.79,20.436989416790002,17441858055.31,0.1717208884501935,17.172088845019353
2025,2,2025B2,CE,Governo do Estado do Ceará,23,20634451166.83,20.63445116683,17875582741.32,0.15433725800349918,15.433725800349919
2026,1,2026B1,CE,Governo do Estado do Ceará,23,21742926973.76,21.74292697376,20436989416.79,0.06390068176563735,6.390068176563735
2026,2,2026B2,CE,Governo do Estado do Ceará,23,22093799281.61,22.09379928161,20634451166.83,0.0707238638421317,7.07238638421317
2022,1,2022B1,DF,Governo do Distrito Federal,53,10007864766.04,10.00786476604,NA,NA,NA
2022,2,2022B2,DF,Governo do Distrito Federal,53,10257341334.1,10.257341334100001,NA,NA,NA
2023,1,2023B1,DF,Governo do Distrito Federal,53,9920731844.51,9.92073184451,10007864766.04,-0.008706444737909713,-0.8706444737909713
2023,2,2023B2,DF,Governo do Distrito Federal,53,9776918612.35,9.77691861235,10257341334.1,-0.04683696350757671,-4.683696350757671
2024,1,2024B1,DF,Governo do Distrito Federal,53,10259590898.58,10.259590898579999,9920731844.51,0.034156658942204876,3.4156658942204876
2024,2,2024B2,DF,Governo do Distrito Federal,53,10510065730.46,10.51006573046,9776918612.35,0.07498754435614341,7.498754435614341
2025,1,2025B1,DF,Governo do Distrito Federal,53,11895718306.5,11.8957183065,10259590898.58,0.15947296769371677,15.947296769371677
2025,2,2025B2,DF,Governo do Distrito Federal,53,12089537752.4,12.0895377524,10510065730.46,0.150281840518125,15.028184051812499
2026,1,2026B1,DF,Governo do Distrito Federal,53,12826852368.41,12.82685236841,11895718306.5,0.07827472355336584,7.827472355336584
2026,2,2026B2,DF,Governo do Distrito Federal,53,13041698731.06,13.04169873106,12089537752.4,0.07875908890486549,7.875908890486549
2022,1,2022B1,ES,Governo do Estado do Espírito Santo,32,15909499754.21,15.90949975421,NA,NA,NA
2022,2,2022B2,ES,Governo do Estado do Espírito Santo,32,16418931768.95,16.41893176895,NA,NA,NA
2023,1,2023B1,ES,Governo do Estado do Espírito Santo,32,16602856038.4,16.6028560384,15909499754.21,0.04358127501818676,4.358127501818676
2023,2,2023B2,ES,Governo do Estado do Espírito Santo,32,16632488662.96,16.63248866296,16418931768.95,0.013006747151106168,1.3006747151106168
2024,1,2024B1,ES,Governo do Estado do Espírito Santo,32,18274146783.54,18.27414678354,16602856038.4,0.10066284627624,10.066284627624
2024,2,2024B2,ES,Governo do Estado do Espírito Santo,32,18787252064.16,18.78725206416,16632488662.96,0.1295514727148792,12.95514727148792
2025,1,2025B1,ES,Governo do Estado do Espírito Santo,32,21069202472.85,21.069202472849998,18274146783.54,0.1529513647021581,15.295136470215809
2025,2,2025B2,ES,Governo do Estado do Espírito Santo,32,21262781485.75,21.26278148575,18787252064.16,0.13176644530748116,13.176644530748117
2026,1,2026B1,ES,Governo do Estado do Espírito Santo,32,23157126709.71,23.15712670971,21069202472.85,0.09909839917056762,9.909839917056761
2026,2,2026B2,ES,Governo do Estado do Espírito Santo,32,23524854986.09,23.52485498609,21262781485.75,0.10638652811514837,10.638652811514838
2022,1,2022B1,GO,Governo do Estado de Goiás,52,23637569531.73,23.637569531729998,NA,NA,NA
2022,2,2022B2,GO,Governo do Estado de Goiás,52,24291011662.82,24.29101166282,NA,NA,NA
2023,1,2023B1,GO,Governo do Estado de Goiás,52,23818798446.59,23.81879844659,23637569531.73,0.007666986007877297,0.7666986007877297
2023,2,2023B2,GO,Governo do Estado de Goiás,52,23329011028.53,23.329011028529997,24291011662.82,-0.039603152295317745,-3.9603152295317745
2024,1,2024B1,GO,Governo do Estado de Goiás,52,24934052885.89,24.93405288589,23818798446.59,0.046822447479909046,4.682244747990905
2024,2,2024B2,GO,Governo do Estado de Goiás,52,25659965438.54,25.659965438540002,23329011028.53,0.09991655484921247,9.991655484921246
2025,1,2025B1,GO,Governo do Estado de Goiás,52,29349627118.6,29.349627118599997,24934052885.89,0.1770901125828903,17.70901125828903
2025,2,2025B2,GO,Governo do Estado de Goiás,52,29873985823.17,29.87398582317,25659965438.54,0.1642254894973767,16.42254894973767
2026,1,2026B1,GO,Governo do Estado de Goiás,52,31319588195.94,31.31958819594,29349627118.6,0.06712048059007736,6.712048059007736
2026,2,2026B2,GO,Governo do Estado de Goiás,52,31738255820.86,31.73825582086,29873985823.17,0.062404461484482976,6.240446148448298
2022,1,2022B1,MA,Governo do Estado do Maranhão,21,9975561097.34,9.97556109734,NA,NA,NA
2022,2,2022B2,MA,Governo do Estado do Maranhão,21,10349229435.04,10.349229435040002,NA,NA,NA
2023,1,2023B1,MA,Governo do Estado do Maranhão,21,11339163676.12,11.33916367612,9975561097.34,0.1366943238053655,13.66943238053655
2023,2,2023B2,MA,Governo do Estado do Maranhão,21,10934468286.15,10.93446828615,10349229435.04,0.05654902664816008,5.654902664816008
2024,1,2024B1,MA,Governo do Estado do Maranhão,21,11174725426.74,11.17472542674,11339163676.12,-0.014501796964647706,-1.4501796964647706
2024,2,2024B2,MA,Governo do Estado do Maranhão,21,12095912678.88,12.09591267888,10934468286.15,0.10621864386411262,10.62186438641126
2025,1,2025B1,MA,Governo do Estado do Maranhão,21,14453877769.67,14.453877769670001,11174725426.74,0.2934436612718301,29.344366127183008
2025,2,2025B2,MA,Governo do Estado do Maranhão,21,14395686329.64,14.39568632964,12095912678.88,0.19012816244742803,19.0128162447428
2026,1,2026B1,MA,Governo do Estado do Maranhão,21,16051055052.34,16.05105505234,14453877769.67,0.11050164586430333,11.050164586430334
2026,2,2026B2,MA,Governo do Estado do Maranhão,21,16607644966.43,16.60764496643,14395686329.64,0.1536542674061805,15.365426740618048
2022,1,2022B1,MG,Governo do Estado de Minas Gerais,31,69209912500.29,69.20991250028999,NA,NA,NA
2022,2,2022B2,MG,Governo do Estado de Minas Gerais,31,71143454906.62,71.14345490662,NA,NA,NA
2023,1,2023B1,MG,Governo do Estado de Minas Gerais,31,69183695132.73,69.18369513273,69209912500.29,-3.7880943080059737e-4,-0.03788094308005974
2023,2,2023B2,MG,Governo do Estado de Minas Gerais,31,69608859529.26,69.60885952925999,71143454906.62,-0.021570436512736824,-2.1570436512736824
2024,1,2024B1,MG,Governo do Estado de Minas Gerais,31,74324364681.49,74.32436468149001,69183695132.73,0.07430463982731128,7.430463982731128
2024,2,2024B2,MG,Governo do Estado de Minas Gerais,31,74457955766.52,74.45795576652,69608859529.26,0.06966205552070126,6.966205552070126
2025,1,2025B1,MG,Governo do Estado de Minas Gerais,31,82831593076.32,82.83159307632,74324364681.49,0.11446082897966114,11.446082897966114
2025,2,2025B2,MG,Governo do Estado de Minas Gerais,31,84489487990.77,84.48948799077,74457955766.52,0.1347274729876573,13.47274729876573
2026,1,2026B1,MG,Governo do Estado de Minas Gerais,31,87897848121.04,87.89784812104,82831593076.32,0.06116331772168149,6.116331772168149
2026,2,2026B2,MG,Governo do Estado de Minas Gerais,31,88600711571.47,88.60071157147,84489487990.77,0.048659586872500826,4.865958687250083
2022,1,2022B1,MS,Governo do Estado do Mato Grosso do Sul,50,12974178245.46,12.97417824546,NA,NA,NA
2022,2,2022B2,MS,Governo do Estado do Mato Grosso do Sul,50,13221199850.04,13.221199850040001,NA,NA,NA
2023,1,2023B1,MS,Governo do Estado do Mato Grosso do Sul,50,14315140894.91,14.31514089491,12974178245.46,0.10335626843412893,10.335626843412893
2023,2,2023B2,MS,Governo do Estado do Mato Grosso do Sul,50,14585383738.06,14.585383738059999,13221199850.04,0.10318154959406889,10.31815495940689
2024,1,2024B1,MS,Governo do Estado do Mato Grosso do Sul,50,15810984884.31,15.810984884309999,14315140894.91,0.10449383630809206,10.449383630809205
2024,2,2024B2,MS,Governo do Estado do Mato Grosso do Sul,50,15942636523.67,15.94263652367,14585383738.06,0.09305567888956534,9.305567888956535
2025,1,2025B1,MS,Governo do Estado do Mato Grosso do Sul,50,17031971167.37,17.03197116737,15810984884.31,0.07722392324033178,7.722392324033178
2025,2,2025B2,MS,Governo do Estado do Mato Grosso do Sul,50,17245542519.78,17.24554251978,15942636523.67,0.08172462529491753,8.172462529491753
2026,1,2026B1,MS,Governo do Estado do Mato Grosso do Sul,50,17615838046.79,17.61583804679,17031971167.37,0.03428064043101342,3.428064043101342
2026,2,2026B2,MS,Governo do Estado do Mato Grosso do Sul,50,17691947392.34,17.69194739234,17245542519.78,0.02588523220118999,2.588523220118999
2022,1,2022B1,MT,Governo do Estado do Mato Grosso,51,19442370796.54,19.44237079654,NA,NA,NA
2022,2,2022B2,MT,Governo do Estado do Mato Grosso,51,20115426180.29,20.11542618029,NA,NA,NA
2023,1,2023B1,MT,Governo do Estado do Mato Grosso,51,19567045051.01,19.56704505101,19442370796.54,0.00641250266105331,0.641250266105331
2023,2,2023B2,MT,Governo do Estado do Mato Grosso,51,19623665654.87,19.62366565487,20115426180.29,-0.02444693545204879,-2.444693545204879
2024,1,2024B1,MT,Governo do Estado do Mato Grosso,51,21370262370.79,21.37026237079,19567045051.01,0.0921558321698106,9.21558321698106
2024,2,2024B2,MT,Governo do Estado do Mato Grosso,51,21525404968.64,21.52540496864,19623665654.87,0.09691050322690575,9.691050322690575
2025,1,2025B1,MT,Governo do Estado do Mato Grosso,51,23369640342.36,23.36964034236,21370262370.79,0.09355888743335483,9.355888743335484
2025,2,2025B2,MT,Governo do Estado do Mato Grosso,51,23994469004.71,23.994469004709998,21525404968.64,0.11470464967637728,11.470464967637728
2026,1,2026B1,MT,Governo do Estado do Mato Grosso,51,26441846850.8,26.441846850799998,23369640342.36,0.13146143729355098,13.146143729355098
2026,2,2026B2,MT,Governo do Estado do Mato Grosso,51,26920597419.58,26.92059741958,23994469004.71,0.12195012168411057,12.195012168411058
2022,1,2022B1,PA,Governo do Estado do Pará,15,18471454290.12,18.47145429012,NA,NA,NA
2022,2,2022B2,PA,Governo do Estado do Pará,15,19168027767.52,19.16802776752,NA,NA,NA
2023,1,2023B1,PA,Governo do Estado do Pará,15,18910792554.37,18.910792554369998,18471454290.12,0.02378471436788776,2.378471436788776
2023,2,2023B2,PA,Governo do Estado do Pará,15,18768607218.77,18.76860721877,19168027767.52,-0.020837853199837997,-2.0837853199837997
2024,1,2024B1,PA,Governo do Estado do Pará,15,21606025499.83,21.60602549983,18910792554.37,0.14252353187794742,14.252353187794743
2024,2,2024B2,PA,Governo do Estado do Pará,15,22160580618.32,22.16058061832,18768607218.77,0.18072589830521757,18.072589830521757
2025,1,2025B1,PA,Governo do Estado do Pará,15,24599085022.26,24.59908502226,21606025499.83,0.1385289266854539,13.85289266854539
2025,2,2025B2,PA,Governo do Estado do Pará,15,24775750741.41,24.77575074141,22160580618.32,0.1180100001950335,11.801000019503348
2026,1,2026B1,PA,Governo do Estado do Pará,15,25296165260.86,25.29616526086,24599085022.26,0.028337649061711323,2.8337649061711323
2026,2,2026B2,PA,Governo do Estado do Pará,15,25596734904.06,25.59673490406,24775750741.41,0.0331366008327576,3.31366008327576
2022,1,2022B1,PB,Governo do Estado da Paraíba,25,7650698323.75,7.65069832375,NA,NA,NA
2022,2,2022B2,PB,Governo do Estado da Paraíba,25,7778183099.1,7.7781830991000005,NA,NA,NA
2023,1,2023B1,PB,Governo do Estado da Paraíba,25,7598298680.17,7.59829868017,7650698323.75,-0.006849001406490696,-0.6849001406490696
2023,2,2023B2,PB,Governo do Estado da Paraíba,25,7612390038.87,7.61239003887,7778183099.1,-0.0213151398106306,-2.13151398106306
2024,1,2024B1,PB,Governo do Estado da Paraíba,25,8251839163.58,8.25183916358,7598298680.17,0.08601142320393462,8.601142320393462
2024,2,2024B2,PB,Governo do Estado da Paraíba,25,8538057901.51,8.538057901510001,7612390038.87,0.12160016209277269,12.16001620927727
2025,1,2025B1,PB,Governo do Estado da Paraíba,25,9895868148.58,9.89586814858,8251839163.58,0.19923182607048662,19.923182607048663
2025,2,2025B2,PB,Governo do Estado da Paraíba,25,10025371813.5,10.0253718135,8538057901.51,0.1741981524541969,17.41981524541969
2026,1,2026B1,PB,Governo do Estado da Paraíba,25,10734210437.37,10.73421043737,9895868148.58,0.08471639639926876,8.471639639926876
2026,2,2026B2,PB,Governo do Estado da Paraíba,25,10883534377.1,10.8835343771,10025371813.5,0.08559907598084426,8.559907598084425
2022,1,2022B1,PE,Governo do Estado de Pernambuco,26,21001947762.76,21.001947762759997,NA,NA,NA
2022,2,2022B2,PE,Governo do Estado de Pernambuco,26,21419789998.75,21.41978999875,NA,NA,NA
2023,1,2023B1,PE,Governo do Estado de Pernambuco,26,21465162979.71,21.465162979709998,21001947762.76,0.022055821782937635,2.2055821782937635
2023,2,2023B2,PE,Governo do Estado de Pernambuco,26,21205098404.09,21.205098404090002,21419789998.75,-0.010023048530005574,-1.0023048530005574
2024,1,2024B1,PE,Governo do Estado de Pernambuco,26,21972669317.63,21.97266931763,21465162979.71,0.023643255744189906,2.3643255744189906
2024,2,2024B2,PE,Governo do Estado de Pernambuco,26,22892421302.11,22.89242130211,21205098404.09,0.07957156651037067,7.957156651037067
2025,1,2025B1,PE,Governo do Estado de Pernambuco,26,26636863074.22,26.636863074220003,21972669317.63,0.21227251405670744,21.227251405670742
2025,2,2025B2,PE,Governo do Estado de Pernambuco,26,26787642686.6,26.787642686599998,22892421302.11,0.17015331550494284,17.015331550494285
2026,1,2026B1,PE,Governo do Estado de Pernambuco,26,27764039827.2,27.7640398272,26636863074.22,0.04231642253966905,4.231642253966905
2026,2,2026B2,PE,Governo do Estado de Pernambuco,26,28104142644.39,28.10414264439,26787642686.6,0.049145793573263985,4.9145793573263985
2022,1,2022B1,PI,Governo do Estado do Piauí,22,5726070926.4,5.726070926399999,NA,NA,NA
2022,2,2022B2,PI,Governo do Estado do Piauí,22,5683373336.69,5.68337333669,NA,NA,NA
2023,1,2023B1,PI,Governo do Estado do Piauí,22,5745918756.64,5.74591875664,5726070926.4,0.003466221514737633,0.3466221514737633
2023,2,2023B2,PI,Governo do Estado do Piauí,22,5744148889.43,5.74414888943,5683373336.69,0.010693570374420647,1.0693570374420647
2024,1,2024B1,PI,Governo do Estado do Piauí,22,7010687069.39,7.01068706939,5745918756.64,0.22011594077769203,22.011594077769203
2024,2,2024B2,PI,Governo do Estado do Piauí,22,7239729034.34,7.23972903434,5744148889.43,0.2603658389952368,26.03658389952368
2025,1,2025B1,PI,Governo do Estado do Piauí,22,7763023360.18,7.76302336018,7010687069.39,0.10731277595812894,10.731277595812895
2025,2,2025B2,PI,Governo do Estado do Piauí,22,7872615140.82,7.87261514082,7239729034.34,0.08741847981851936,8.741847981851937
2026,1,2026B1,PI,Governo do Estado do Piauí,22,8698196515.3,8.6981965153,7763023360.18,0.12046507033804876,12.046507033804875
2026,2,2026B2,PI,Governo do Estado do Piauí,22,8900032623.95,8.90003262395,7872615140.82,0.13050523425218352,13.050523425218351
2022,1,2022B1,PR,Governo do Estado do Paraná,41,40120946649.57,40.12094664957,NA,NA,NA
2022,2,2022B2,PR,Governo do Estado do Paraná,41,41690328626.03,41.69032862603,NA,NA,NA
2023,1,2023B1,PR,Governo do Estado do Paraná,41,41208137872.92,41.20813787292,40120946649.57,0.027097845742422244,2.7097845742422244
2023,2,2023B2,PR,Governo do Estado do Paraná,41,40782017668.29,40.78201766829,41690328626.03,-0.021787090379826846,-2.1787090379826846
2024,1,2024B1,PR,Governo do Estado do Paraná,41,46097934201.02,46.097934201019996,41208137872.92,0.11866093884609463,11.866093884609462
2024,2,2024B2,PR,Governo do Estado do Paraná,41,47418252574.7,47.4182525747,40782017668.29,0.16272453610283222,16.272453610283222
2025,1,2025B1,PR,Governo do Estado do Paraná,41,53140486685.37,53.14048668537,46097934201.02,0.15277371115242255,15.277371115242255
2025,2,2025B2,PR,Governo do Estado do Paraná,41,53442621631.81,53.44262163181,47418252574.7,0.12704747075231326,12.704747075231326
2026,1,2026B1,PR,Governo do Estado do Paraná,41,53191344559.61,53.19134455961,53140486685.37,9.570456992822329e-4,0.0957045699282233
2026,2,2026B2,PR,Governo do Estado do Paraná,41,54114864066.78,54.11486406678,53442621631.81,0.012578769799157286,1.2578769799157286
2022,1,2022B1,RJ,Governo do Estado do Rio de Janeiro,33,53766713856.47,53.76671385647,NA,NA,NA
2022,2,2022B2,RJ,Governo do Estado do Rio de Janeiro,33,53893143472.82,53.89314347282,NA,NA,NA
2023,1,2023B1,RJ,Governo do Estado do Rio de Janeiro,33,49752793285.44,49.75279328544,53766713856.47,-0.07465437783207551,-7.465437783207552
2023,2,2023B2,RJ,Governo do Estado do Rio de Janeiro,33,49308978017.66,49.30897801766,53893143472.82,-0.0850602722305841,-8.50602722305841
2024,1,2024B1,RJ,Governo do Estado do Rio de Janeiro,33,51392540426.08,51.392540426080004,49752793285.44,0.03295789105211644,3.295789105211644
2024,2,2024B2,RJ,Governo do Estado do Rio de Janeiro,33,52148922823.19,52.148922823190006,49308978017.66,0.057594882711072826,5.759488271107283
2025,1,2025B1,RJ,Governo do Estado do Rio de Janeiro,33,57780135407,57.780135407,51392540426.08,0.1242903138852911,12.429031388529111
2025,2,2025B2,RJ,Governo do Estado do Rio de Janeiro,33,59693878892.69,59.69387889269,52148922823.19,0.14468095717108165,14.468095717108165
2026,1,2026B1,RJ,Governo do Estado do Rio de Janeiro,33,64721415649.24,64.72141564924,57780135407,0.12013264062719853,12.013264062719852
2026,2,2026B2,RJ,Governo do Estado do Rio de Janeiro,33,66412554632.14,66.41255463214,59693878892.69,0.11255217225082603,11.255217225082603
2022,1,2022B1,RN,Governo do Estado do Rio Grande do Norte,24,6918366773.26,6.91836677326,NA,NA,NA
2022,2,2022B2,RN,Governo do Estado do Rio Grande do Norte,24,7093735239.89,7.09373523989,NA,NA,NA
2023,1,2023B1,RN,Governo do Estado do Rio Grande do Norte,24,7260600385.36,7.26060038536,6918366773.26,0.04946739936118405,4.946739936118405
2023,2,2023B2,RN,Governo do Estado do Rio Grande do Norte,24,7282869990.76,7.28286999076,7093735239.89,0.026662223000154306,2.6662223000154306
2024,1,2024B1,RN,Governo do Estado do Rio Grande do Norte,24,8454105855.02,8.45410585502,7260600385.36,0.1643810988505221,16.43810988505221
2024,2,2024B2,RN,Governo do Estado do Rio Grande do Norte,24,8492038419.18,8.49203841918,7282869990.76,0.1660291107700822,16.60291107700822
2025,1,2025B1,RN,Governo do Estado do Rio Grande do Norte,24,8570300055.07,8.57030005507,8454105855.02,0.013744114639989258,1.3744114639989258
2025,2,2025B2,RN,Governo do Estado do Rio Grande do Norte,24,8736113212.66,8.73611321266,8492038419.18,0.02874160259670222,2.874160259670222
2026,1,2026B1,RN,Governo do Estado do Rio Grande do Norte,24,9594995968.16,9.59499596816,8570300055.07,0.1195635982994332,11.95635982994332
2026,2,2026B2,RN,Governo do Estado do Rio Grande do Norte,24,9848491155.72,9.84849115572,8736113212.66,0.12733098987865565,12.733098987865565
2022,1,2022B1,RO,Governo do Estado de Rondônia,11,6027458780.54,6.02745878054,NA,NA,NA
2022,2,2022B2,RO,Governo do Estado de Rondônia,11,6177303348.39,6.177303348390001,NA,NA,NA
2023,1,2023B1,RO,Governo do Estado de Rondônia,11,5785614871.92,5.78561487192,6027458780.54,-0.04012369348767797,-4.0123693487677965
2023,2,2023B2,RO,Governo do Estado de Rondônia,11,5793266681.84,5.7932666818400005,6177303348.39,-0.06216898295112738,-6.216898295112738
2024,1,2024B1,RO,Governo do Estado de Rondônia,11,6461195167.76,6.461195167760001,5785614871.92,0.11676897111124229,11.67689711112423
2024,2,2024B2,RO,Governo do Estado de Rondônia,11,6615077970.56,6.615077970560001,5793266681.84,0.14185628486534374,14.185628486534373
2025,1,2025B1,RO,Governo do Estado de Rondônia,11,7540671675.65,7.54067167565,6461195167.76,0.16707071677332386,16.707071677332387
2025,2,2025B2,RO,Governo do Estado de Rondônia,11,7618440724.27,7.61844072427,6615077970.56,0.15167814471354757,15.167814471354756
2026,1,2026B1,RO,Governo do Estado de Rondônia,11,8208490557.24,8.20849055724,7540671675.65,0.08856225417511432,8.856225417511432
2026,2,2026B2,RO,Governo do Estado de Rondônia,11,8380692378.7,8.3806923787,7618440724.27,0.10005349939938513,10.005349939938512
2022,1,2022B1,RR,Governo do Estado de Roraima,14,1627336523.75,1.62733652375,NA,NA,NA
2022,2,2022B2,RR,Governo do Estado de Roraima,14,1684342846.47,1.68434284647,NA,NA,NA
2023,1,2023B1,RR,Governo do Estado de Roraima,14,1553989017.38,1.5539890173800002,1627336523.75,-0.04507211956441526,-4.507211956441526
2023,2,2023B2,RR,Governo do Estado de Roraima,14,1491505736.91,1.49150573691,1684342846.47,-0.1144880390379801,-11.44880390379801
2024,1,2024B1,RR,Governo do Estado de Roraima,14,1757923446.05,1.75792344605,1553989017.38,0.13123286354612085,13.123286354612084
2024,2,2024B2,RR,Governo do Estado de Roraima,14,1817362427.18,1.81736242718,1491505736.91,0.21847498283519018,21.847498283519016
2025,1,2025B1,RR,Governo do Estado de Roraima,14,2054390874.36,2.0543908743599997,1757923446.05,0.16864638160219836,16.864638160219837
2025,2,2025B2,RR,Governo do Estado de Roraima,14,2076552812.1,2.0765528121,1817362427.18,0.1426189850981927,14.261898509819272
2026,1,2026B1,RR,Governo do Estado de Roraima,14,2124268926.34,2.12426892634,2054390874.36,0.03401400037944047,3.4014000379440468
2026,2,2026B2,RR,Governo do Estado de Roraima,14,2145181604.64,2.1451816046400003,2076552812.1,0.03304938460515072,3.3049384605150722
2022,1,2022B1,RS,Governo do Estado do Rio Grande do Sul,43,48154640049.64,48.15464004964,NA,NA,NA
2022,2,2022B2,RS,Governo do Estado do Rio Grande do Sul,43,48583744467.86,48.58374446786,NA,NA,NA
2023,1,2023B1,RS,Governo do Estado do Rio Grande do Sul,43,42545076554.75,42.54507655475,48154640049.64,-0.11649061210108524,-11.649061210108524
2023,2,2023B2,RS,Governo do Estado do Rio Grande do Sul,43,41953810368.78,41.95381036878,48583744467.86,-0.13646404104290388,-13.646404104290388
2024,1,2024B1,RS,Governo do Estado do Rio Grande do Sul,43,46458732520.2,46.458732520199995,42545076554.75,0.09198845747553497,9.198845747553497
2024,2,2024B2,RS,Governo do Estado do Rio Grande do Sul,43,47391370317.14,47.39137031714,41953810368.78,0.12960825013420885,12.960825013420884
2025,1,2025B1,RS,Governo do Estado do Rio Grande do Sul,43,51053288474.43,51.05328847443,46458732520.2,0.09889542191518719,9.889542191518718
2025,2,2025B2,RS,Governo do Estado do Rio Grande do Sul,43,52571284364.3,52.571284364300006,47391370317.14,0.10930078646167751,10.93007864616775
2026,1,2026B1,RS,Governo do Estado do Rio Grande do Sul,43,53964442047.28,53.96444204728,51053288474.43,0.05702186205513571,5.702186205513571
2026,2,2026B2,RS,Governo do Estado do Rio Grande do Sul,43,53237103661.18,53.23710366118,52571284364.3,0.012665075714454854,1.2665075714454854
2022,1,2022B1,SC,Governo do Estado de Santa Catarina,42,30940743084.93,30.940743084930002,NA,NA,NA
2022,2,2022B2,SC,Governo do Estado de Santa Catarina,42,32275932772.29,32.27593277229,NA,NA,NA
2023,1,2023B1,SC,Governo do Estado de Santa Catarina,42,33650930658.36,33.650930658360004,30940743084.93,0.08759284048190885,8.759284048190885
2023,2,2023B2,SC,Governo do Estado de Santa Catarina,42,33546532948.86,33.54653294886,32275932772.29,0.039366799575839106,3.9366799575839106
2024,1,2024B1,SC,Governo do Estado de Santa Catarina,42,37582949387.56,37.58294938756,33650930658.36,0.11684725064871726,11.684725064871726
2024,2,2024B2,SC,Governo do Estado de Santa Catarina,42,38689840120.61,38.68984012061,33546532948.86,0.15331859121151847,15.331859121151847
2025,1,2025B1,SC,Governo do Estado de Santa Catarina,42,43231164602.39,43.23116460239,37582949387.56,0.1502866408004575,15.02866408004575
2025,2,2025B2,SC,Governo do Estado de Santa Catarina,42,43780966031.58,43.78096603158,38689840120.61,0.13158818684954898,13.158818684954898
2026,1,2026B1,SC,Governo do Estado de Santa Catarina,42,45710097407.8,45.710097407800006,43231164602.39,0.057341337625518296,5.73413376255183
2026,2,2026B2,SC,Governo do Estado de Santa Catarina,42,46547554157.09,46.54755415709,43780966031.58,0.06319157333153425,6.3191573331534245
2022,1,2022B1,SE,Governo do Estado de Sergipe,28,4314141057.04,4.31414105704,NA,NA,NA
2022,2,2022B2,SE,Governo do Estado de Sergipe,28,4458632830.91,4.45863283091,NA,NA,NA
2023,1,2023B1,SE,Governo do Estado de Sergipe,28,4586872713.25,4.58687271325,4314141057.04,0.06321806649435935,6.321806649435935
2023,2,2023B2,SE,Governo do Estado de Sergipe,28,4587198693.59,4.58719869359,4458632830.91,0.028835265776697705,2.8835265776697705
2024,1,2024B1,SE,Governo do Estado de Sergipe,28,5141485751.2,5.141485751199999,4586872713.25,0.1209131084775692,12.091310847756919
2024,2,2024B2,SE,Governo do Estado de Sergipe,28,5250315537.36,5.25031553736,4587198693.59,0.14455812535363188,14.455812535363188
2025,1,2025B1,SE,Governo do Estado de Sergipe,28,5733616169.68,5.73361616968,5141485751.2,0.1151671806815373,11.51671806815373
2025,2,2025B2,SE,Governo do Estado de Sergipe,28,5830369156.38,5.83036915638,5250315537.36,0.11047976352896827,11.047976352896827
2026,1,2026B1,SE,Governo do Estado de Sergipe,28,6138102382.75,6.13810238275,5733616169.68,0.0705464406928682,7.0546440692868195
2026,2,2026B2,SE,Governo do Estado de Sergipe,28,6159968404.85,6.159968404850001,5830369156.38,0.05653145446362173,5.653145446362173
2022,1,2022B1,SP,Governo do Estado de São Paulo,35,191443652112.93,191.44365211292998,NA,NA,NA
2022,2,2022B2,SP,Governo do Estado de São Paulo,35,197764275686.41,197.76427568641,NA,NA,NA
2023,1,2023B1,SP,Governo do Estado de São Paulo,35,203040451357.7,203.04045135770002,191443652112.93,0.060575522441084884,6.057552244108488
2023,2,2023B2,SP,Governo do Estado de São Paulo,35,199228447388.36,199.22844738836,197764275686.41,0.007403620784734999,0.7403620784734999
2024,1,2024B1,SP,Governo do Estado de São Paulo,35,200589651753.38,200.58965175338,203040451357.7,-0.012070499193298168,-1.2070499193298168
2024,2,2024B2,SP,Governo do Estado de São Paulo,35,204486488663.01,204.48648866301002,199228447388.36,0.02639202053510159,2.639202053510159
2025,1,2025B1,SP,Governo do Estado de São Paulo,35,227918992861.23,227.91899286123,200589651753.38,0.13624501996469274,13.624501996469274
2025,2,2025B2,SP,Governo do Estado de São Paulo,35,230171694290.44,230.17169429044,204486488663.01,0.12560832647363185,12.560832647363185
2026,1,2026B1,SP,Governo do Estado de São Paulo,35,238602048709.12,238.60204870912,227918992861.23,0.046872161524487144,4.687216152448714
2026,2,2026B2,SP,Governo do Estado de São Paulo,35,241308733358.5,241.3087333585,230171694290.44,0.048385789149237635,4.8385789149237635
2022,1,2022B1,TO,Governo do Estado do Tocantins,17,4292628685.11,4.29262868511,NA,NA,NA
2022,2,2022B2,TO,Governo do Estado do Tocantins,17,4429547554.59,4.42954755459,NA,NA,NA
2023,1,2023B1,TO,Governo do Estado do Tocantins,17,4486940543,4.486940543,4292628685.11,0.0452664025108942,4.52664025108942
2023,2,2023B2,TO,Governo do Estado do Tocantins,17,4486023605.51,4.48602360551,4429547554.59,0.012749846394916498,1.2749846394916498
2024,1,2024B1,TO,Governo do Estado do Tocantins,17,5248944636.67,5.24894463667,4486940543,0.16982709852458155,16.982709852458157
2024,2,2024B2,TO,Governo do Estado do Tocantins,17,5422315300.81,5.42231530081,4486023605.51,0.20871305584526811,20.871305584526812
2025,1,2025B1,TO,Governo do Estado do Tocantins,17,6002599098.18,6.00259909818,5248944636.67,0.143582093864135,14.3582093864135
2025,2,2025B2,TO,Governo do Estado do Tocantins,17,6086185012.6,6.0861850126000006,5422315300.81,0.12243288613091696,12.243288613091696
2026,1,2026B1,TO,Governo do Estado do Tocantins,17,6409813545.17,6.4098135451700005,6002599098.18,0.06783968749694913,6.783968749694913
2026,2,2026B2,TO,Governo do Estado do Tocantins,17,6495327985.2,6.495327985199999,6086185012.6,0.06722486611119538,6.722486611119538
