exercicio,periodo,uf,instituicao,cod_ibge,valor_bimestre,valor_bimestre_bilhoes,periodo_ref,valor_bimestre_ano_anterior,crescimento_yoy,crescimento_yoy_pct
2022,1,AC,Governo do Estado do Acre,12,292803226.54999995,0.29280322654999996,2022B1,NA,NA,NA
2022,2,AC,Governo do Estado do Acre,12,289022394.14,0.28902239413999997,2022B2,NA,NA,NA
2023,1,AC,Governo do Estado do Acre,12,297352833.31,0.29735283331,2023B1,292803226.54999995,0.01553810322927962,1.553810322927962
2023,2,AC,Governo do Estado do Acre,12,302164806.6,0.3021648066,2023B2,289022394.14,0.04547195209252175,4.547195209252175
2024,1,AC,Governo do Estado do Acre,12,342191338.97,0.34219133897000004,2024B1,297352833.31,0.15079225968986965,15.079225968986965
2024,2,AC,Governo do Estado do Acre,12,335814898.65,0.33581489864999997,2024B2,302164806.6,0.1113633729507928,11.13633729507928
2025,1,AC,Governo do Estado do Acre,12,342135668.03999996,0.34213566803999995,2025B1,342191338.97,-1.626894770850873e-4,-0.01626894770850873
2025,2,AC,Governo do Estado do Acre,12,338791500.88,0.33879150088,2025B2,335814898.65,0.008863818258112444,0.8863818258112444
2026,1,AC,Governo do Estado do Acre,12,330064962.19,0.33006496219,2026B1,342135668.03999996,-0.035280466135406696,-3.5280466135406696
2026,2,AC,Governo do Estado do Acre,12,456031554.6,0.4560315546,2026B2,338791500.88,0.34605370387236034,34.605370387236036
2022,1,AL,Governo do Estado de Alagoas,27,1099453395.61,1.0994533956099999,2022B1,NA,NA,NA
2022,2,AL,Governo do Estado de Alagoas,27,1037994915.73,1.03799491573,2022B2,NA,NA,NA
2023,1,AL,Governo do Estado de Alagoas,27,1097064333.74,1.0970643337400001,2023B1,1099453395.61,-0.0021729541966390986,-0.21729541966390986
2023,2,AL,Governo do Estado de Alagoas,27,1101384419.55,1.10138441955,2023B2,1037994915.73,0.06106918527189453,6.106918527189453
2024,1,AL,Governo do Estado de Alagoas,27,1433240455.7800002,1.4332404557800003,2024B1,1097064333.74,0.30643245952034803,30.643245952034803
2024,2,AL,Governo do Estado de Alagoas,27,1423750090.05,1.42375009005,2024B2,1101384419.55,0.29269132990977953,29.26913299097795
2025,1,AL,Governo do Estado de Alagoas,27,1661016868.8000002,1.6610168688000002,2025B1,1433240455.7800002,0.15892407453433144,15.892407453433144
2025,2,AL,Governo do Estado de Alagoas,27,1413213622.1,1.4132136221,2025B2,1423750090.05,-0.007400503798830282,-0.7400503798830282
2026,1,AL,Governo do Estado de Alagoas,27,1662902293.86,1.66290229386,2026B1,1661016868.8000002,0.001135102897155793,0.1135102897155793
2026,2,AL,Governo do Estado de Alagoas,27,1605186006.88,1.6051860068800001,2026B2,1413213622.1,0.13584102345032179,13.584102345032179
2022,1,AM,Governo do Estado do Amazonas,13,2199897882.3900003,2.19989788239,2022B1,NA,NA,NA
2022,2,AM,Governo do Estado do Amazonas,13,2235187813.52,2.23518781352,2022B2,NA,NA,NA
2023,1,AM,Governo do Estado do Amazonas,13,2359718130.29,2.35971813029,2023B1,2199897882.3900003,0.07264893938002648,7.264893938002648
2023,2,AM,Governo do Estado do Amazonas,13,2131954872.01,2.13195487201,2023B2,2235187813.52,-0.04618535448590677,-4.618535448590677
2024,1,AM,Governo do Estado do Amazonas,13,2350338964.99,2.3503389649899997,2024B1,2359718130.29,-0.003974697307956632,-0.39746973079566317
2024,2,AM,Governo do Estado do Amazonas,13,2392704238.73,2.39270423873,2024B2,2131954872.01,0.12230529367357867,12.230529367357867
2025,1,AM,Governo do Estado do Amazonas,13,2860470974.46,2.86047097446,2025B1,2350338964.99,0.21704614401104938,21.704614401104937
2025,2,AM,Governo do Estado do Amazonas,13,2672279290.33,2.67227929033,2025B2,2392704238.73,0.11684480140696074,11.684480140696074
2026,1,AM,Governo do Estado do Amazonas,13,2625735989.62,2.62573598962,2026B1,2860470974.46,-0.08206165590766512,-8.206165590766512
2026,2,AM,Governo do Estado do Amazonas,13,3366324621.73,3.36632462173,2026B2,2672279290.33,0.2597203570418316,25.97203570418316
2022,1,AP,Governo do Estado do Amapá,16,224376085.44,0.22437608543999998,2022B1,NA,NA,NA
2022,2,AP,Governo do Estado do Amapá,16,208304405,0.208304405,2022B2,NA,NA,NA
2023,1,AP,Governo do Estado do Amapá,16,227743475.37,0.22774347537,2023B1,224376085.44,0.015007793381351497,1.5007793381351497
2023,2,AP,Governo do Estado do Amapá,16,197474141.68,0.19747414168000002,2023B2,208304405,-0.051992483404275536,-5.199248340427554
2024,1,AP,Governo do Estado do Amapá,16,249723337.45,0.24972333745,2024B1,227743475.37,0.09651148971135504,9.651148971135504
2024,2,AP,Governo do Estado do Amapá,16,245366271.81,0.24536627181,2024B2,197474141.68,0.24252355129922543,24.25235512992254
2025,1,AP,Governo do Estado do Amapá,16,255692340.93,0.25569234093,2025B1,249723337.45,0.023902465588323984,2.3902465588323984
2025,2,AP,Governo do Estado do Amapá,16,255971191.78,0.25597119178,2025B2,245366271.81,0.04322077313956152,4.322077313956152
2026,1,AP,Governo do Estado do Amapá,16,284258013.01,0.28425801301,2026B1,255692340.93,0.11171891960510583,11.171891960510582
2026,2,AP,Governo do Estado do Amapá,16,271438701.52,0.27143870152,2026B2,255971191.78,0.060426759872626024,6.042675987262602
2022,1,BA,Governo do Estado da Bahia,29,5647764559.530001,5.647764559530001,2022B1,NA,NA,NA
2022,2,BA,Governo do Estado da Bahia,29,5678407626.889999,5.6784076268899994,2022B2,NA,NA,NA
2023,1,BA,Governo do Estado da Bahia,29,5091235969.1,5.0912359691,2023B1,5647764559.530001,-0.09853962298958052,-9.853962298958052
2023,2,BA,Governo do Estado da Bahia,29,5714959493.5,5.7149594935,2023B2,5678407626.889999,0.006436992377389483,0.6436992377389483
2024,1,BA,Governo do Estado da Bahia,29,6229869251.65,6.229869251649999,2024B1,5091235969.1,0.2236457491777346,22.36457491777346
2024,2,BA,Governo do Estado da Bahia,29,6106443667.89,6.106443667890001,2024B2,5714959493.5,0.06850165339496472,6.850165339496472
2025,1,BA,Governo do Estado da Bahia,29,7105759502.36,7.10575950236,2025B1,6229869251.65,0.14059528624585793,14.059528624585793
2025,2,BA,Governo do Estado da Bahia,29,6555556179.35,6.555556179350001,2025B2,6106443667.89,0.07354731098586953,7.354731098586953
2026,1,BA,Governo do Estado da Bahia,29,7086187570.620001,7.086187570620001,2026B1,7105759502.36,-0.002754375761450767,-0.2754375761450767
2026,2,BA,Governo do Estado da Bahia,29,6785119706.639999,6.78511970664,2026B2,6555556179.35,0.035018161847674145,3.5018161847674145
2022,1,CE,Governo do Estado do Ceará,23,2824147572.3199997,2.82414757232,2022B1,NA,NA,NA
2022,2,CE,Governo do Estado do Ceará,23,2773841126.54,2.77384112654,2022B2,NA,NA,NA
2023,1,CE,Governo do Estado do Ceará,23,2725746822.19,2.72574682219,2023B1,2824147572.3199997,-0.034842637507488616,-3.4842637507488616
2023,2,CE,Governo do Estado do Ceará,23,2595870751.63,2.59587075163,2023B2,2773841126.54,-0.06416026253529317,-6.416026253529317
2024,1,CE,Governo do Estado do Ceará,23,3114055845.02,3.1140558450199998,2024B1,2725746822.19,0.1424596810198291,14.245968101982909
2024,2,CE,Governo do Estado do Ceará,23,3029595437.6400003,3.0295954376400003,2024B2,2595870751.63,0.16708254281830315,16.708254281830314
2025,1,CE,Governo do Estado do Ceará,23,3348960416.45,3.3489604164499998,2025B1,3114055845.02,0.075433641244957,7.5433641244956995
2025,2,CE,Governo do Estado do Ceará,23,3227057187.68,3.22705718768,2025B2,3029595437.6400003,0.06517759684567603,6.517759684567603
2026,1,CE,Governo do Estado do Ceará,23,3644301901.95,3.6443019019499996,2026B1,3348960416.45,0.08818900457864198,8.8189004578642
2026,2,CE,Governo do Estado do Ceará,23,3577929495.5299997,3.57792949553,2026B2,3227057187.68,0.10872825842365974,10.872825842365973
2022,1,DF,Governo do Distrito Federal,53,1760835901.93,1.7608359019300002,2022B1,NA,NA,NA
2022,2,DF,Governo do Distrito Federal,53,1697046203.9,1.6970462039,2022B2,NA,NA,NA
2023,1,DF,Governo do Distrito Federal,53,1579713414.9899998,1.5797134149899998,2023B1,1760835901.93,-0.10286165039086115,-10.286165039086114
2023,2,DF,Governo do Distrito Federal,53,1553232971.74,1.55323297174,2023B2,1697046203.9,-0.08474326263451248,-8.474326263451248
2024,1,DF,Governo do Distrito Federal,53,1833937629.42,1.83393762942,2024B1,1579713414.9899998,0.16093059159822953,16.093059159822953
2024,2,DF,Governo do Distrito Federal,53,1803707803.62,1.8037078036199998,2024B2,1553232971.74,0.16126031087236514,16.126031087236512
2025,1,DF,Governo do Distrito Federal,53,2013084913.2199998,2.0130849132199997,2025B1,1833937629.42,0.09768450187515731,9.768450187515732
2025,2,DF,Governo do Distrito Federal,53,1997527249.52,1.99752724952,2025B2,1803707803.62,0.10745612205647115,10.745612205647115
2026,1,DF,Governo do Distrito Federal,53,2241844601.6800003,2.2418446016800004,2026B1,2013084913.2199998,0.11363638312409363,11.363638312409364
2026,2,DF,Governo do Distrito Federal,53,2212373612.17,2.21237361217,2026B2,1997527249.52,0.10755616109949284,10.755616109949283
2022,1,ES,Governo do Estado do Espírito Santo,32,2859243632.51,2.85924363251,2022B1,NA,NA,NA
2022,2,ES,Governo do Estado do Espírito Santo,32,2771794344.48,2.77179434448,2022B2,NA,NA,NA
2023,1,ES,Governo do Estado do Espírito Santo,32,2810935963.87,2.81093596387,2023B1,2859243632.51,-0.016895261421844388,-1.6895261421844388
2023,2,ES,Governo do Estado do Espírito Santo,32,2801426969.04,2.80142696904,2023B2,2771794344.48,0.01069077315169964,1.069077315169964
2024,1,ES,Governo do Estado do Espírito Santo,32,3351704126.58,3.35170412658,2024B1,2810935963.87,0.19238010743065415,19.238010743065416
2024,2,ES,Governo do Estado do Espírito Santo,32,3314532249.66,3.31453224966,2024B2,2801426969.04,0.18315854251800534,18.315854251800534
2025,1,ES,Governo do Estado do Espírito Santo,32,3532351267.31,3.53235126731,2025B1,3351704126.58,0.05389710246122714,5.389710246122714
2025,2,ES,Governo do Estado do Espírito Santo,32,3508111262.56,3.50811126256,2025B2,3314532249.66,0.05840311643365581,5.840311643365581
2026,1,ES,Governo do Estado do Espírito Santo,32,4073631260.2,4.0736312602,2026B1,3532351267.31,0.15323504145786782,15.323504145786782
2026,2,ES,Governo do Estado do Espírito Santo,32,3875839538.94,3.87583953894,2026B2,3508111262.56,0.10482229577623348,10.482229577623347
2022,1,GO,Governo do Estado de Goiás,52,3996485835.56,3.99648583556,2022B1,NA,NA,NA
2022,2,GO,Governo do Estado de Goiás,52,4180401669.08,4.18040166908,2022B2,NA,NA,NA
2023,1,GO,Governo do Estado de Goiás,52,3749423863.75,3.74942386375,2023B1,3996485835.56,-0.0618198041918947,-6.18198041918947
2023,2,GO,Governo do Estado de Goiás,52,3690614251.02,3.69061425102,2023B2,4180401669.08,-0.11716276492822986,-11.716276492822985
2024,1,GO,Governo do Estado de Goiás,52,4334005022.47,4.33400502247,2024B1,3749423863.75,0.1559122627803753,15.591226278037528
2024,2,GO,Governo do Estado de Goiás,52,4416526803.67,4.41652680367,2024B2,3690614251.02,0.19669152701325388,19.669152701325388
2025,1,GO,Governo do Estado de Goiás,52,4467987731.360001,4.467987731360001,2025B1,4334005022.47,0.030914294790928,3.0914294790928
2025,2,GO,Governo do Estado de Goiás,52,4940885508.24,4.94088550824,2025B2,4416526803.67,0.11872648528573926,11.872648528573926
2026,1,GO,Governo do Estado de Goiás,52,5254712104.67,5.25471210467,2026B1,4467987731.360001,0.17608024475719186,17.608024475719187
2026,2,GO,Governo do Estado de Goiás,52,5359553133.16,5.3595531331599995,2026B2,4940885508.24,0.08473534232310809,8.473534232310808
2022,1,MA,Governo do Estado do Maranhão,21,1710709122.53,1.71070912253,2022B1,NA,NA,NA
2022,2,MA,Governo do Estado do Maranhão,21,1799697525.5300002,1.7996975255300003,2022B2,NA,NA,NA
2023,1,MA,Governo do Estado do Maranhão,21,1580428320.42,1.58042832042,2023B1,1710709122.53,-0.07615602231507668,-7.615602231507667
2023,2,MA,Governo do Estado do Maranhão,21,1395002135.56,1.39500213556,2023B2,1799697525.5300002,-0.22486855942685136,-22.486855942685136
2024,1,MA,Governo do Estado do Maranhão,21,1874408723.6,1.8744087236,2024B1,1580428320.42,0.18601312022925165,18.601312022925164
2024,2,MA,Governo do Estado do Maranhão,21,2316189387.7,2.3161893876999997,2024B2,1395002135.56,0.6603482737825379,66.0348273782538
2025,1,MA,Governo do Estado do Maranhão,21,2458214946.8999996,2.4582149468999996,2025B1,1874408723.6,0.3114615376835945,31.146153768359454
2025,2,MA,Governo do Estado do Maranhão,21,2257997947.67,2.2579979476700003,2025B2,2316189387.7,-0.02512378320141795,-2.512378320141795
2026,1,MA,Governo do Estado do Maranhão,21,2696025841.66,2.69602584166,2026B1,2458214946.8999996,0.09674129394579523,9.674129394579523
2026,2,MA,Governo do Estado do Maranhão,21,2814587861.76,2.81458786176,2026B2,2257997947.67,0.24649708590937314,24.649708590937315
2022,1,MG,Governo do Estado de Minas Gerais,31,11562724618.810001,11.562724618810002,2022B1,NA,NA,NA
2022,2,MG,Governo do Estado de Minas Gerais,31,11879943629.65,11.87994362965,2022B2,NA,NA,NA
2023,1,MG,Governo do Estado de Minas Gerais,31,10028455358.93,10.02845535893,2023B1,11562724618.810001,-0.13269097989102707,-13.269097989102708
2023,2,MG,Governo do Estado de Minas Gerais,31,12305108026.18,12.305108026180001,2023B2,11879943629.65,0.035788418681455214,3.5788418681455214
2024,1,MG,Governo do Estado de Minas Gerais,31,12349905609.36,12.34990560936,2024B1,10028455358.93,0.23148632240386124,23.148632240386124
2024,2,MG,Governo do Estado de Minas Gerais,31,12438699111.21,12.43869911121,2024B2,12305108026.18,0.010856555240780885,1.0856555240780885
2025,1,MG,Governo do Estado de Minas Gerais,31,13658201354.77,13.65820135477,2025B1,12349905609.36,0.10593568783379537,10.593568783379537
2025,2,MG,Governo do Estado de Minas Gerais,31,14096594025.66,14.09659402566,2025B2,12438699111.21,0.13328523341768705,13.328523341768705
2026,1,MG,Governo do Estado de Minas Gerais,31,13843973431.36,13.84397343136,2026B1,13658201354.77,0.01360150372399671,1.360150372399671
2026,2,MG,Governo do Estado de Minas Gerais,31,14799457476.09,14.79945747609,2026B2,14096594025.66,0.04986051589132656,4.986051589132656
2022,1,MS,Governo do Estado do Mato Grosso do Sul,50,2138437157.84,2.13843715784,2022B1,NA,NA,NA
2022,2,MS,Governo do Estado do Mato Grosso do Sul,50,2306671575.89,2.30667157589,2022B2,NA,NA,NA
2023,1,MS,Governo do Estado do Mato Grosso do Sul,50,2367892493.12,2.36789249312,2023B1,2138437157.84,0.10730048083889865,10.730048083889866
2023,2,MS,Governo do Estado do Mato Grosso do Sul,50,2576914419.04,2.57691441904,2023B2,2306671575.89,0.11715705260109699,11.715705260109699
2024,1,MS,Governo do Estado do Mato Grosso do Sul,50,2836972474.75,2.83697247475,2024B1,2367892493.12,0.19810020218102364,19.810020218102366
2024,2,MS,Governo do Estado do Mato Grosso do Sul,50,2708566058.4,2.7085660584,2024B2,2576914419.04,0.05108886751817132,5.108886751817132
2025,1,MS,Governo do Estado do Mato Grosso do Sul,50,2838284938.79,2.8382849387899998,2025B1,2836972474.75,4.6262840111466197e-4,0.0462628401114662
2025,2,MS,Governo do Estado do Mato Grosso do Sul,50,2922137410.81,2.92213741081,2025B2,2708566058.4,0.07885033918506701,7.885033918506701
2026,1,MS,Governo do Estado do Mato Grosso do Sul,50,2832488374.73,2.83248837473,2026B1,2838284938.79,-0.002042277003545312,-0.2042277003545312
2026,2,MS,Governo do Estado do Mato Grosso do Sul,50,2998246756.3599997,2.9982467563599995,2026B2,2922137410.81,0.02604577911649364,2.604577911649364
2022,1,MT,Governo do Estado do Mato Grosso,51,3263420277.4700003,3.2634202774700003,2022B1,NA,NA,NA
2022,2,MT,Governo do Estado do Mato Grosso,51,3241672528.2799997,3.2416725282799996,2022B2,NA,NA,NA
2023,1,MT,Governo do Estado do Mato Grosso,51,3131291582.27,3.13129158227,2023B1,3263420277.4700003,-0.04048779622783816,-4.048779622783815
2023,2,MT,Governo do Estado do Mato Grosso,51,3298293132.1400003,3.2982931321400004,2023B2,3241672528.2799997,0.01746647860511774,1.7466478605117741
2024,1,MT,Governo do Estado do Mato Grosso,51,3681553557.66,3.68155355766,2024B1,3131291582.27,0.1757300337361405,17.57300337361405
2024,2,MT,Governo do Estado do Mato Grosso,51,3453435729.99,3.45343572999,2024B2,3298293132.1400003,0.04703723763610412,4.703723763610412
2025,1,MT,Governo do Estado do Mato Grosso,51,3964310977.56,3.96431097756,2025B1,3681553557.66,0.07680383171709737,7.680383171709737
2025,2,MT,Governo do Estado do Mato Grosso,51,4078264392.34,4.07826439234,2025B2,3453435729.99,0.18092957599411008,18.092957599411008
2026,1,MT,Governo do Estado do Mato Grosso,51,4375728806.09,4.375728806090001,2026B1,3964310977.56,0.10378041250013759,10.378041250013759
2026,2,MT,Governo do Estado do Mato Grosso,51,4557014961.12,4.55701496112,2026B2,4078264392.34,0.11739076301164109,11.739076301164108
2022,1,PA,Governo do Estado do Pará,15,4037564482.4399996,4.03756448244,2022B1,NA,NA,NA
2022,2,PA,Governo do Estado do Pará,15,3143645446.35,3.14364544635,2022B2,NA,NA,NA
2023,1,PA,Governo do Estado do Pará,15,2975707100.9700003,2.9757071009700002,2023B1,4037564482.4399996,-0.2629945319977386,-26.299453199773858
2023,2,PA,Governo do Estado do Pará,15,3001460110.75,3.00146011075,2023B2,3143645446.35,-0.045229443977242156,-4.522944397724215
2024,1,PA,Governo do Estado do Pará,15,3785936252.5699997,3.7859362525699995,2024B1,2975707100.9700003,0.27228121723938714,27.228121723938713
2024,2,PA,Governo do Estado do Pará,15,3556015229.24,3.55601522924,2024B2,3001460110.75,0.1847617819419991,18.47617819419991
2025,1,PA,Governo do Estado do Pará,15,3990329826.8100004,3.9903298268100005,2025B1,3785936252.5699997,0.053987590018519827,5.398759001851983
2025,2,PA,Governo do Estado do Pará,15,3732680948.39,3.73268094839,2025B2,3556015229.24,0.049680810615582605,4.9680810615582605
2026,1,PA,Governo do Estado do Pará,15,4207349129.83,4.20734912983,2026B1,3990329826.8100004,0.05438630700698033,5.438630700698033
2026,2,PA,Governo do Estado do Pará,15,4033250591.5899997,4.03325059159,2026B2,3732680948.39,0.08052379706592472,8.052379706592472
2022,1,PB,Governo do Estado da Paraíba,25,1406632256.5900002,1.4066322565900002,2022B1,NA,NA,NA
2022,2,PB,Governo do Estado da Paraíba,25,1221312638.02,1.22131263802,2022B2,NA,NA,NA
2023,1,PB,Governo do Estado da Paraíba,25,1332595585.63,1.33259558563,2023B1,1406632256.5900002,-0.05263399201400509,-5.263399201400509
2023,2,PB,Governo do Estado da Paraíba,25,1235403996.72,1.2354039967200001,2023B2,1221312638.02,0.011537880032785885,1.1537880032785885
2024,1,PB,Governo do Estado da Paraíba,25,1539398533.13,1.5393985331300002,2024B1,1332595585.63,0.15518807786101996,15.518807786101995
2024,2,PB,Governo do Estado da Paraíba,25,1521622734.65,1.5216227346500002,2024B2,1235403996.72,0.23168027518925904,23.168027518925904
2025,1,PB,Governo do Estado da Paraíba,25,1722006708.3600001,1.7220067083600001,2025B1,1539398533.13,0.11862306693167346,11.862306693167346
2025,2,PB,Governo do Estado da Paraíba,25,1651126399.5700002,1.65112639957,2025B2,1521622734.65,0.08510891824298894,8.510891824298895
2026,1,PB,Governo do Estado da Paraíba,25,1902119353.49,1.90211935349,2026B1,1722006708.3600001,0.10459462454797008,10.45946245479701
2026,2,PB,Governo do Estado da Paraíba,25,1800450339.3,1.8004503393,2026B2,1651126399.5700002,0.09043761868799871,9.043761868799871
2022,1,PE,Governo do Estado de Pernambuco,26,3334087285.26,3.3340872852600003,2022B1,NA,NA,NA
2022,2,PE,Governo do Estado de Pernambuco,26,3486283180.31,3.48628318031,2022B2,NA,NA,NA
2023,1,PE,Governo do Estado de Pernambuco,26,3450766619.71,3.45076661971,2023B1,3334087285.26,0.03499588477057558,3.499588477057558
2023,2,PE,Governo do Estado de Pernambuco,26,3226218604.69,3.22621860469,2023B2,3486283180.31,-0.07459651501886166,-7.459651501886166
2024,1,PE,Governo do Estado de Pernambuco,26,4096357745.58,4.09635774558,2024B1,3450766619.71,0.1870862903861794,18.708629038617943
2024,2,PE,Governo do Estado de Pernambuco,26,4145970589.17,4.14597058917,2024B2,3226218604.69,0.2850866903882283,28.50866903882283
2025,1,PE,Governo do Estado de Pernambuco,26,4576247776.360001,4.576247776360001,2025B1,4096357745.58,0.11715042010132182,11.715042010132182
2025,2,PE,Governo do Estado de Pernambuco,26,4296750201.55,4.29675020155,2025B2,4145970589.17,0.03636774770517248,3.636774770517248
2026,1,PE,Governo do Estado de Pernambuco,26,4705324675.65,4.70532467565,2026B1,4576247776.360001,0.02820583709579383,2.820583709579383
2026,2,PE,Governo do Estado de Pernambuco,26,4636853018.74,4.63685301874,2026B2,4296750201.55,0.07915350002597576,7.9153500025975765
2022,1,PI,Governo do Estado do Piauí,22,986519046.96,0.98651904696,2022B1,NA,NA,NA
2022,2,PI,Governo do Estado do Piauí,22,915060186.13,0.91506018613,2022B2,NA,NA,NA
2023,1,PI,Governo do Estado do Piauí,22,959880997.9,0.9598809978999999,2023B1,986519046.96,-0.027002062597864973,-2.7002062597864973
2023,2,PI,Governo do Estado do Piauí,22,913290318.9200001,0.9132903189200001,2023B2,915060186.13,-0.0019341538806153524,-0.19341538806153524
2024,1,PI,Governo do Estado do Piauí,22,1241277513.65,1.24127751365,2024B1,959880997.9,0.2931577105554035,29.315771055540353
2024,2,PI,Governo do Estado do Piauí,22,1142332283.87,1.1423322838699999,2024B2,913290318.9200001,0.2507876851479718,25.07876851479718
2025,1,PI,Governo do Estado do Piauí,22,1290484637.5700002,1.29048463757,2025B1,1241277513.65,0.03964232283182634,3.9642322831826338
2025,2,PI,Governo do Estado do Piauí,22,1251924064.51,1.25192406451,2025B2,1142332283.87,0.0959368672210894,9.593686722108941
2026,1,PI,Governo do Estado do Piauí,22,1511897390.25,1.51189739025,2026B1,1290484637.5700002,0.17157333472556724,17.157333472556722
2026,2,PI,Governo do Estado do Piauí,22,1453760173.1599998,1.4537601731599998,2026B2,1251924064.51,0.16122072765571294,16.122072765571293
2022,1,PR,Governo do Estado do Paraná,41,7228646725.35,7.22864672535,2022B1,NA,NA,NA
2022,2,PR,Governo do Estado do Paraná,41,7406247979.51,7.40624797951,2022B2,NA,NA,NA
2023,1,PR,Governo do Estado do Paraná,41,6220110723.5,6.2201107235,2023B1,7228646725.35,-0.13951933745955314,-13.951933745955314
2023,2,PR,Governo do Estado do Paraná,41,6980127774.88,6.98012777488,2023B2,7406247979.51,-0.057535233198901414,-5.753523319890141
2024,1,PR,Governo do Estado do Paraná,41,7708710115.7,7.7087101157,2024B1,6220110723.5,0.23932040093369555,23.932040093369555
2024,2,PR,Governo do Estado do Paraná,41,8300446148.559999,8.300446148559999,2024B2,6980127774.88,0.18915389750192624,18.915389750192624
2025,1,PR,Governo do Estado do Paraná,41,9174247845.6,9.1742478456,2025B1,7708710115.7,0.1901145208347117,19.01145208347117
2025,2,PR,Governo do Estado do Paraná,41,8602581095,8.602581095,2025B2,8300446148.559999,0.0363998441809561,3.63998441809561
2026,1,PR,Governo do Estado do Paraná,41,8982769811.02,8.98276981102,2026B1,9174247845.6,-0.020871251551355607,-2.0871251551355607
2026,2,PR,Governo do Estado do Paraná,41,9526100602.17,9.52610060217,2026B2,8602581095,0.10735376940611108,10.735376940611108
2022,1,RJ,Governo do Estado do Rio de Janeiro,33,8803019583.79,8.80301958379,2022B1,NA,NA,NA
2022,2,RJ,Governo do Estado do Rio de Janeiro,33,8498187449.459999,8.49818744946,2022B2,NA,NA,NA
2023,1,RJ,Governo do Estado do Rio de Janeiro,33,7782274592.66,7.782274592659999,2023B1,8803019583.79,-0.11595396118504775,-11.595396118504775
2023,2,RJ,Governo do Estado do Rio de Janeiro,33,8054372181.68,8.05437218168,2023B2,8498187449.459999,-0.052224697374520734,-5.222469737452073
2024,1,RJ,Governo do Estado do Rio de Janeiro,33,9398997618.61,9.39899761861,2024B1,7782274592.66,0.20774427922073624,20.774427922073624
2024,2,RJ,Governo do Estado do Rio de Janeiro,33,8810754578.789999,8.810754578789998,2024B2,8054372181.68,0.09390954130856044,9.390954130856045
2025,1,RJ,Governo do Estado do Rio de Janeiro,33,10284530071.380001,10.28453007138,2025B1,9398997618.61,0.09421562688947249,9.42156268894725
2025,2,RJ,Governo do Estado do Rio de Janeiro,33,10724498064.48,10.724498064479999,2025B2,8810754578.789999,0.21720540148705614,21.720540148705613
2026,1,RJ,Governo do Estado do Rio de Janeiro,33,12619438447.79,12.619438447790001,2026B1,10284530071.380001,0.2270311195751793,22.70311195751793
2026,2,RJ,Governo do Estado do Rio de Janeiro,33,12415637047.38,12.415637047379999,2026B2,10724498064.48,0.15768933638965588,15.768933638965589
2022,1,RN,Governo do Estado do Rio Grande do Norte,24,1158121857.99,1.1581218579900001,2022B1,NA,NA,NA
2022,2,RN,Governo do Estado do Rio Grande do Norte,24,1212385573.87,1.2123855738699998,2022B2,NA,NA,NA
2023,1,RN,Governo do Estado do Rio Grande do Norte,24,1233548316.63,1.23354831663,2023B1,1158121857.99,0.06512825754874174,6.512825754874174
2023,2,RN,Governo do Estado do Rio Grande do Norte,24,1234655179.27,1.23465517927,2023B2,1212385573.87,0.018368418331566216,1.8368418331566216
2024,1,RN,Governo do Estado do Rio Grande do Norte,24,1413122982.29,1.41312298229,2024B1,1233548316.63,0.1455757048500459,14.55757048500459
2024,2,RN,Governo do Estado do Rio Grande do Norte,24,1272587743.4299998,1.27258774343,2024B2,1234655179.27,0.030723204986211394,3.0723204986211394
2025,1,RN,Governo do Estado do Rio Grande do Norte,24,1523529280,1.52352928,2025B1,1413122982.29,0.07812929171322658,7.812929171322658
2025,2,RN,Governo do Estado do Rio Grande do Norte,24,1438400901.02,1.43840090102,2025B2,1272587743.4299998,0.13029605105506104,13.029605105506104
2026,1,RN,Governo do Estado do Rio Grande do Norte,24,1670166377.5900002,1.6701663775900002,2026B1,1523529280,0.09624829631761345,9.624829631761344
2026,2,RN,Governo do Estado do Rio Grande do Norte,24,1691896088.58,1.6918960885799998,2026B2,1438400901.02,0.1762340300122458,17.62340300122458
2022,1,RO,Governo do Estado de Rondônia,11,1049329141.3499999,1.0493291413499999,2022B1,NA,NA,NA
2022,2,RO,Governo do Estado de Rondônia,11,946841079.4000001,0.9468410794000001,2022B2,NA,NA,NA
2023,1,RO,Governo do Estado de Rondônia,11,818513413.9000001,0.8185134139000001,2023B1,1049329141.3499999,-0.21996504085748259,-21.99650408574826
2023,2,RO,Governo do Estado de Rondônia,11,954492889.3199999,0.95449288932,2023B2,946841079.4000001,0.008081408893717112,0.8081408893717112
2024,1,RO,Governo do Estado de Rondônia,11,1166192205.42,1.16619220542,2024B1,818513413.9000001,0.4247685934228034,42.476859342280335
2024,2,RO,Governo do Estado de Rondônia,11,1108375692.12,1.1083756921199999,2024B2,954492889.3199999,0.16121943339947675,16.121943339947677
2025,1,RO,Governo do Estado de Rondônia,11,1199415103.07,1.19941510307,2025B1,1166192205.42,0.02848835508897496,2.848835508897496
2025,2,RO,Governo do Estado de Rondônia,11,1186144740.7399998,1.1861447407399999,2025B2,1108375692.12,0.07016488107137242,7.016488107137242
2026,1,RO,Governo do Estado de Rondônia,11,1281920877.21,1.2819208772100001,2026B1,1199415103.07,0.06878834019083135,6.878834019083135
2026,2,RO,Governo do Estado de Rondônia,11,1358346562.2,1.3583465622,2026B2,1186144740.7399998,0.14517774732328936,14.517774732328936
2022,1,RR,Governo do Estado de Roraima,14,292691782.89,0.29269178289,2022B1,NA,NA,NA
2022,2,RR,Governo do Estado de Roraima,14,271753473.69,0.27175347369,2022B2,NA,NA,NA
2023,1,RR,Governo do Estado de Roraima,14,252917342.92000002,0.25291734292,2023B1,292691782.89,-0.13589189138578617,-13.589189138578616
2023,2,RR,Governo do Estado de Roraima,14,209270193.22000003,0.20927019322000004,2023B2,271753473.69,-0.22992633588660993,-22.992633588660993
2024,1,RR,Governo do Estado de Roraima,14,309219775.39,0.30921977539,2024B1,252917342.92000002,0.22261198785331593,22.261198785331594
2024,2,RR,Governo do Estado de Roraima,14,316582223.24,0.31658222324,2024B2,209270193.22000003,0.5127917567657894,51.27917567657894
2025,1,RR,Governo do Estado de Roraima,14,353213284.9,0.3532132849,2025B1,309219775.39,0.1422726261750682,14.22726261750682
2025,2,RR,Governo do Estado de Roraima,14,338744160.98,0.33874416098000004,2025B2,316582223.24,0.07000373398476989,7.000373398476989
2026,1,RR,Governo do Estado de Roraima,14,334992937.98,0.33499293798,2026B1,353213284.9,-0.05158454593563322,-5.158454593563322
2026,2,RR,Governo do Estado de Roraima,14,359656839.28,0.35965683928,2026B2,338744160.98,0.061735907829374215,6.1735907829374215
2022,1,RS,Governo do Estado do Rio Grande do Sul,43,7419324317.41,7.41932431741,2022B1,NA,NA,NA
2022,2,RS,Governo do Estado do Rio Grande do Sul,43,7827642596.79,7.82764259679,2022B2,NA,NA,NA
2023,1,RS,Governo do Estado do Rio Grande do Sul,43,6582165102.29,6.58216510229,2023B1,7419324317.41,-0.11283496708123986,-11.283496708123986
2023,2,RS,Governo do Estado do Rio Grande do Sul,43,7236376410.82,7.236376410819999,2023B2,7827642596.79,-0.07553566462174321,-7.553566462174322
2024,1,RS,Governo do Estado do Rio Grande do Sul,43,8175129007.14,8.17512900714,2024B1,6582165102.29,0.24201214647377856,24.201214647377856
2024,2,RS,Governo do Estado do Rio Grande do Sul,43,8169014207.76,8.16901420776,2024B2,7236376410.82,0.128881880100308,12.888188010030799
2025,1,RS,Governo do Estado do Rio Grande do Sul,43,8617502362.02,8.61750236202,2025B1,8175129007.14,0.05411209468298783,5.411209468298783
2025,2,RS,Governo do Estado do Rio Grande do Sul,43,9687010097.63,9.687010097629999,2025B2,8169014207.76,0.18582363199074958,18.58236319907496
2026,1,RS,Governo do Estado do Rio Grande do Sul,43,8885545554.28,8.88554555428,2026B1,8617502362.02,0.03110451044856677,3.110451044856677
2026,2,RS,Governo do Estado do Rio Grande do Sul,43,8959671711.53,8.959671711530001,2026B2,9687010097.63,-0.07508388850321812,-7.508388850321812
2022,1,SC,Governo do Estado de Santa Catarina,42,6680557434.32,6.68055743432,2022B1,NA,NA,NA
2022,2,SC,Governo do Estado de Santa Catarina,42,5957410962.389999,5.957410962389999,2022B2,NA,NA,NA
2023,1,SC,Governo do Estado de Santa Catarina,42,5739144818.440001,5.739144818440001,2023B1,6680557434.32,-0.14091827293388481,-14.091827293388482
2023,2,SC,Governo do Estado de Santa Catarina,42,5853013252.89,5.85301325289,2023B2,5957410962.389999,-0.01752400667992804,-1.752400667992804
2024,1,SC,Governo do Estado de Santa Catarina,42,7063698326.1,7.063698326100001,2024B1,5739144818.440001,0.2307928357904787,23.07928357904787
2024,2,SC,Governo do Estado de Santa Catarina,42,6959903985.940001,6.9599039859400005,2024B2,5853013252.89,0.18911468080197125,18.911468080197125
2025,1,SC,Governo do Estado de Santa Catarina,42,7570240170.49,7.57024017049,2025B1,7063698326.1,0.07171057157386707,7.171057157386707
2025,2,SC,Governo do Estado de Santa Catarina,42,7509705415.129999,7.509705415129999,2025B2,6959903985.940001,0.07899554797029906,7.899554797029906
2026,1,SC,Governo do Estado de Santa Catarina,42,8119269331.98,8.11926933198,2026B1,7570240170.49,0.07252466885135322,7.2524668851353224
2026,2,SC,Governo do Estado de Santa Catarina,42,8347162164.42,8.34716216442,2026B2,7509705415.129999,0.1115165912637206,11.15165912637206
2022,1,SE,Governo do Estado de Sergipe,28,767727195.69,0.76772719569,2022B1,NA,NA,NA
2022,2,SE,Governo do Estado de Sergipe,28,777827302.28,0.77782730228,2022B2,NA,NA,NA
2023,1,SE,Governo do Estado de Sergipe,28,791075971.4000001,0.7910759714000001,2023B1,767727195.69,0.03041285477586242,3.041285477586242
2023,2,SE,Governo do Estado de Sergipe,28,778153282.62,0.77815328262,2023B2,777827302.28,4.190908946555272e-4,0.04190908946555272
2024,1,SE,Governo do Estado de Sergipe,28,905629548.66,0.90562954866,2024B1,791075971.4000001,0.14480730220799098,14.4807302207991
2024,2,SE,Governo do Estado de Sergipe,28,886983068.78,0.88698306878,2024B2,778153282.62,0.13985648919140448,13.985648919140448
2025,1,SE,Governo do Estado de Sergipe,28,1030366685.5699999,1.03036668557,2025B1,905629548.66,0.13773527718322054,13.773527718322054
2025,2,SE,Governo do Estado de Sergipe,28,983736055.48,0.98373605548,2025B2,886983068.78,0.10908098486375706,10.908098486375707
2026,1,SE,Governo do Estado de Sergipe,28,1072680111.63,1.07268011163,2026B1,1030366685.5699999,0.04106637632270904,4.106637632270904
2026,2,SE,Governo do Estado de Sergipe,28,1005602077.5799999,1.0056020775799999,2026B2,983736055.48,0.022227529405060453,2.2227529405060453
2022,1,SP,Governo do Estado de São Paulo,35,31345637815.9,31.3456378159,2022B1,NA,NA,NA
2022,2,SP,Governo do Estado de São Paulo,35,35242301553.36,35.24230155336,2022B2,NA,NA,NA
2023,1,SP,Governo do Estado de São Paulo,35,30408405331.78,30.40840533178,2023B1,31345637815.9,-0.029899933433308323,-2.9899933433308323
2023,2,SP,Governo do Estado de São Paulo,35,31430297584.02,31.43029758402,2023B2,35242301553.36,-0.10816557946898797,-10.816557946898797
2024,1,SP,Governo do Estado de São Paulo,35,34307120319.38,34.307120319380005,2024B1,30408405331.78,0.1282117541206751,12.82117541206751
2024,2,SP,Governo do Estado de São Paulo,35,35327134493.65,35.32713449365,2024B2,31430297584.02,0.12398345574721059,12.39834557472106
2025,1,SP,Governo do Estado de São Paulo,35,38382012972.58,38.38201297258,2025B1,34307120319.38,0.11877687824757777,11.877687824757777
2025,2,SP,Governo do Estado de São Paulo,35,37579835922.86,37.57983592286,2025B2,35327134493.65,0.06376688801677122,6.376688801677122
2026,1,SP,Governo do Estado de São Paulo,35,38922836324.68,38.92283632468,2026B1,38382012972.58,0.014090541642158394,1.4090541642158394
2026,2,SP,Governo do Estado de São Paulo,35,40286520572.240005,40.28652057224001,2026B2,37579835922.86,0.07202491929278265,7.202491929278265
2022,1,TO,Governo do Estado do Tocantins,17,706143737.6800001,0.70614373768,2022B1,NA,NA,NA
2022,2,TO,Governo do Estado do Tocantins,17,730079139.68,0.7300791396799999,2022B2,NA,NA,NA
2023,1,TO,Governo do Estado do Tocantins,17,688648694.1,0.6886486941000001,2023B1,706143737.6800001,-0.02477547083753673,-2.477547083753673
2023,2,TO,Governo do Estado do Tocantins,17,729162202.19,0.72916220219,2023B2,730079139.68,-0.0012559425960338988,-0.12559425960338988
2024,1,TO,Governo do Estado do Tocantins,17,912119988.79,0.91211998879,2024B1,688648694.1,0.32450696066745066,32.45069606674507
2024,2,TO,Governo do Estado do Tocantins,17,902532866.3299999,0.90253286633,2024B2,729162202.19,0.2377669380273555,23.77669380273555
2025,1,TO,Governo do Estado do Tocantins,17,967540487.5899999,0.9675404875899999,2025B1,912119988.79,0.060760096786739215,6.0760096786739215
2025,2,TO,Governo do Estado do Tocantins,17,986118780.75,0.98611878075,2025B2,902532866.3299999,0.09261259898477525,9.261259898477526
2026,1,TO,Governo do Estado do Tocantins,17,976444886.05,0.9764448860499999,2026B1,967540487.5899999,0.009203127491005159,0.9203127491005159
2026,2,TO,Governo do Estado do Tocantins,17,1071633220.78,1.07163322078,2026B2,986118780.75,0.08671819429801486,8.671819429801486
